,date,close,date,close
0,2013-02-08,44.4916666667,2013-02-08,68.43833
1,2013-02-11,44.3055555556,2013-02-11,68.497
2,2013-02-12,44.1467777778,2013-02-12,69.16266
3,2013-02-13,44.2355555556,2013-02-13,69.44466
4,2013-02-14,44.2866666667,2013-02-14,69.76133
5,2013-02-15,44.2433333333,2013-02-15,70.21466
6,2013-02-19,44.2856111111,2013-02-19,70.23133
7,2013-02-20,43.5972222222,2013-02-20,69.72333
8,2013-02-21,43.1827777778,2013-02-21,69.26866
9,2013-02-22,43.7577777778,2013-02-22,69.97566
10,2013-02-25,42.9977777778,2013-02-25,68.91233
11,2013-02-26,43.2911111111,2013-02-26,69.362
12,2013-02-27,43.9222222222,2013-02-27,70.29933
13,2013-02-28,44.035,2013-02-28,70.06133
14,2013-03-01,44.2911111111,2013-03-01,70.25333
15,2013-03-04,44.4783333333,2013-03-04,70.92933
16,2013-03-05,44.8144444444,2013-03-05,71.47766
17,2013-03-06,44.7022222222,2013-03-06,71.18733
18,2013-03-07,44.5083333333,2013-03-07,71.19033
19,2013-03-08,44.715,2013-03-08,71.59966
20,2013-03-11,44.7633333333,2013-03-11,71.907
21,2013-03-12,44.8630555556,2013-03-12,71.37133
22,2013-03-13,44.85,2013-03-13,71.41233
23,2013-03-14,44.9977777778,2013-03-14,71.74599
24,2013-03-15,44.5677777778,2013-03-15,71.51666
25,2013-03-18,44.21,2013-03-18,71.12066
26,2013-03-19,43.9883333333,2013-03-19,71.52433
27,2013-03-20,44.4427777778,2013-03-20,72.57766
28,2013-03-21,44.2266666667,2013-03-21,71.99566
29,2013-03-22,44.46,2013-03-22,72.46466
30,2013-03-25,44.265,2013-03-25,71.522
31,2013-03-26,44.6888888889,2013-03-26,72.41399
32,2013-03-27,44.8316666667,2013-03-27,72.43066
33,2013-03-28,45.2083888889,2013-03-28,73.11799
34,2013-04-01,45.2777777778,2013-04-01,72.30266
35,2013-04-02,45.2411111111,2013-04-02,72.61033
36,2013-04-03,44.84,2013-04-03,71.52733
37,2013-04-04,45.1233333333,2013-04-04,72.85833
38,2013-04-05,44.8811111111,2013-04-05,72.52066
39,2013-04-08,45.2227777778,2013-04-08,73.20733
40,2013-04-09,45.2133333333,2013-04-09,73.36599
41,2013-04-10,45.83,2013-04-10,73.90199
42,2013-04-11,46.2797777778,2013-04-11,74.23833
43,2013-04-12,45.9155555556,2013-04-12,74.03266
44,2013-04-15,44.7211111111,2013-04-15,72.63199
45,2013-04-16,45.3311111111,2013-04-16,74.99966
46,2013-04-17,44.8444444444,2013-04-17,74.13733
47,2013-04-18,44.2588888889,2013-04-18,74.17633
48,2013-04-19,44.2983333333,2013-04-19,75.09433
49,2013-04-22,44.2411111111,2013-04-22,75.202
50,2013-04-23,44.6316666667,2013-04-23,75.87066
51,2013-04-24,44.7172222222,2013-04-24,75.66799
52,2013-04-25,45.205,2013-04-25,76.08299
53,2013-04-26,45.1323333333,2013-04-26,75.69833
54,2013-04-29,45.3383333333,2013-04-29,75.96666
55,2013-04-30,45.6511111111,2013-04-30,76.16333
56,2013-05-01,45.4061111111,2013-05-01,75.11566
57,2013-05-02,46.1055555556,2013-05-02,75.54433
58,2013-05-03,46.9894444444,2013-05-03,76.79166
59,2013-05-06,47.0205555556,2013-05-06,76.66366
60,2013-05-07,47.0277777778,2013-05-07,77.52999
61,2013-05-08,47.3761111111,2013-05-08,77.43533
62,2013-05-09,47.3172222222,2013-05-09,76.95099
63,2013-05-10,47.3383333333,2013-05-10,77.76866
64,2013-05-13,47.0911111111,2013-05-13,77.95833
65,2013-05-14,47.5961111111,2013-05-14,79.02533
66,2013-05-15,47.8044444444,2013-05-15,79.26899
67,2013-05-16,47.6277777778,2013-05-16,78.54966
68,2013-05-17,47.9522222222,2013-05-17,79.72466
69,2013-05-20,47.5483333333,2013-05-20,79.36799
70,2013-05-21,47.5338888889,2013-05-21,79.79666
71,2013-05-22,47.0816666667,2013-05-22,78.47299
72,2013-05-23,47.1227777778,2013-05-23,78.27133
73,2013-05-24,46.9394444444,2013-05-24,78.35533
74,2013-05-28,47.1611111111,2013-05-28,78.85266
75,2013-05-29,46.7533333333,2013-05-29,77.14766
76,2013-05-30,47.07,2013-05-30,76.87966
77,2013-05-31,46.7216666667,2013-05-31,76.25533
78,2013-06-03,46.8894444444,2013-06-03,76.69966
79,2013-06-04,46.8088888889,2013-06-04,76.50333
80,2013-06-05,46.0611111111,2013-06-05,75.11366
81,2013-06-06,46.4516666667,2013-06-06,75.50766
82,2013-06-07,46.9335555556,2013-06-07,76.89433
83,2013-06-10,46.8883333333,2013-06-10,76.48833
84,2013-06-11,46.3427777778,2013-06-11,76.10466
85,2013-06-12,45.9455555556,2013-06-12,75.35866
86,2013-06-13,46.5983333333,2013-06-13,76.14733
87,2013-06-14,46.44,2013-06-14,76.09733
88,2013-06-17,46.5555555556,2013-06-17,76.525
89,2013-06-18,46.7875,2013-06-18,77.11966
90,2013-06-19,46.1844444444,2013-06-19,75.65
91,2013-06-20,44.8486666667,2013-06-20,74.043
92,2013-06-21,44.7848888889,2013-06-21,74.47233
93,2013-06-24,44.1388888889,2013-06-24,73.954
94,2013-06-25,44.8634444444,2013-06-25,74.66533
95,2013-06-26,44.955,2013-06-26,74.75466
96,2013-06-27,45.5377777778,2013-06-27,74.989
97,2013-06-28,45.32,2013-06-28,74.544
98,2013-07-01,45.8688888889,2013-07-01,75.27366
99,2013-07-02,46.0427777778,2013-07-02,75.577
100,2013-07-03,45.8588888889,2013-07-03,75.60266
101,2013-07-05,46.2966666667,2013-07-05,76.048
102,2013-07-08,46.4762222222,2013-07-08,76.35666
103,2013-07-09,46.9538888889,2013-07-09,77.44666
104,2013-07-10,47.6038888889,2013-07-10,77.473
105,2013-07-11,48.275,2013-07-11,78.41833
106,2013-07-12,48.6605555556,2013-07-12,78.614
107,2013-07-15,48.4561111111,2013-07-15,78.59866
108,2013-07-16,48.4938888889,2013-07-16,78.163
109,2013-07-17,48.6205555556,2013-07-17,78.34033
110,2013-07-18,48.3972222222,2013-07-18,78.239
111,2013-07-19,48.445,2013-07-19,78.469
112,2013-07-22,48.4227777778,2013-07-22,78.40533
113,2013-07-23,48.0033333333,2013-07-23,78.078
114,2013-07-24,47.6461111111,2013-07-24,77.59166
115,2013-07-25,47.35,2013-07-25,77.55933
116,2013-07-26,47.5911111111,2013-07-26,77.59
117,2013-07-29,47.2105555556,2013-07-29,77.438
118,2013-07-30,47.3038888889,2013-07-30,77.802
119,2013-07-31,47.0305555556,2013-07-31,78.264
120,2013-08-01,47.7577777778,2013-08-01,79.716
121,2013-08-02,47.4305555556,2013-08-02,79.676
122,2013-08-05,47.535,2013-08-05,79.503
123,2013-08-06,47.155,2013-08-06,78.992
124,2013-08-07,46.735,2013-08-07,78.39
125,2013-08-08,46.8383333333,2013-08-08,78.438
126,2013-08-09,46.8011111111,2013-08-09,78.193
127,2013-08-12,46.9561111111,2013-08-12,77.925
128,2013-08-13,47.03,2013-08-13,77.916
129,2013-08-14,46.955,2013-08-14,77.09
130,2013-08-15,46.5088888889,2013-08-15,75.909
131,2013-08-16,46.2944444444,2013-08-16,75.811
132,2013-08-19,46.0227777778,2013-08-19,75.374
133,2013-08-20,46.4316666667,2013-08-20,75.624
134,2013-08-21,46.2011111111,2013-08-21,74.77
135,2013-08-22,46.4633333333,2013-08-22,75.281
136,2013-08-23,46.6738888889,2013-08-23,75.588
137,2013-08-26,46.7534444444,2013-08-26,75.01
138,2013-08-27,45.9028888889,2013-08-27,73.72
139,2013-08-28,46.0388888889,2013-08-28,73.668
140,2013-08-29,46.2666666667,2013-08-29,73.704
141,2013-08-30,45.9644444444,2013-08-30,73.806
142,2013-09-03,46.3405555556,2013-09-03,74.283
143,2013-09-04,46.9588888889,2013-09-04,75.052
144,2013-09-05,47.1977777778,2013-09-05,75.525
145,2013-09-06,47.4644444444,2013-09-06,75.486
146,2013-09-09,47.7022222222,2013-09-09,76.64
147,2013-09-10,48.3144444444,2013-09-10,77.598
148,2013-09-11,48.3866666667,2013-09-11,77.838
149,2013-09-12,48.0666111111,2013-09-12,77.741
150,2013-09-13,48.0172222222,2013-09-13,77.815
151,2013-09-16,48.4183333333,2013-09-16,78.61
152,2013-09-17,48.6888888889,2013-09-17,78.757
153,2013-09-18,49.2984444444,2013-09-18,80.071
154,2013-09-19,49.2066666667,2013-09-19,79.994
155,2013-09-20,49.1011111111,2013-09-20,79.153
156,2013-09-23,48.89,2013-09-23,78.688
157,2013-09-24,49.2025555556,2013-09-24,78.53
158,2013-09-25,49.4866666667,2013-09-25,78.179
159,2013-09-26,49.975,2013-09-26,78.593
160,2013-09-27,49.7655555556,2013-09-27,77.915
161,2013-09-30,49.8316666667,2013-09-30,77.472
162,2013-10-01,50.2705555556,2013-10-01,78.154
163,2013-10-02,50.4785555556,2013-10-02,78.049
164,2013-10-03,50.1561111111,2013-10-03,77.512
165,2013-10-04,50.5283333333,2013-10-04,77.813
166,2013-10-07,50.19,2013-10-07,76.945
167,2013-10-08,49.2844444444,2013-10-08,76.111
168,2013-10-09,49.2733333333,2013-10-09,75.826
169,2013-10-10,50.2935555556,2013-10-10,77.236
170,2013-10-11,50.875,2013-10-11,77.531
171,2013-10-14,51.1533333333,2013-10-14,77.743
172,2013-10-15,50.725,2013-10-15,76.966
173,2013-10-16,51.3615555556,2013-10-16,77.877
174,2013-10-17,51.7788888889,2013-10-17,78.985
175,2013-10-18,52.3641111111,2013-10-18,79.098
176,2013-10-21,52.4172222222,2013-10-21,79.008
177,2013-10-22,52.3927777778,2013-10-22,79.918
178,2013-10-23,51.8901111111,2013-10-23,79.938
179,2013-10-24,52.2683333333,2013-10-24,79.83
180,2013-10-25,52.6594444444,2013-10-25,80.629
181,2013-10-28,52.8411111111,2013-10-28,81.073
182,2013-10-29,53.3072222222,2013-10-29,81.773
183,2013-10-30,53.1338888889,2013-10-30,81.368
184,2013-10-31,52.8122222222,2013-10-31,81.087
185,2013-11-01,52.7433333333,2013-11-01,81.322
186,2013-11-04,52.9594444444,2013-11-04,81.792
187,2013-11-05,53.1738888889,2013-11-05,81.325
188,2013-11-06,53.5,2013-11-06,82.016
189,2013-11-07,52.5277777778,2013-11-07,80.324
190,2013-11-08,53.145,2013-11-08,81.175
191,2013-11-11,53.22,2013-11-11,81.379
192,2013-11-12,53.1383333333,2013-11-12,81.148
193,2013-11-13,53.4172222222,2013-11-13,81.441
194,2013-11-14,53.1072222222,2013-11-14,81.791
195,2013-11-15,53.0438888889,2013-11-15,81.265
196,2013-11-18,52.6311111111,2013-11-18,80.739
197,2013-11-19,52.2011111111,2013-11-19,80.317
198,2013-11-20,51.7755555556,2013-11-20,79.845
199,2013-11-21,52.0133333333,2013-11-21,80.298
200,2013-11-22,52.1933333333,2013-11-22,80.755
201,2013-11-25,52.105,2013-11-25,80.465
202,2013-11-26,52.5472222222,2013-11-26,80.564
203,2013-11-27,52.73,2013-11-27,80.69
204,2013-11-29,52.7038888889,2013-11-29,80.608
205,2013-12-02,52.8511111111,2013-12-02,80.246
206,2013-12-03,52.9472222222,2013-12-03,79.851
207,2013-12-04,52.6483333333,2013-12-04,79.405
208,2013-12-05,52.6911111111,2013-12-05,78.919
209,2013-12-06,53.2988888889,2013-12-06,79.899
210,2013-12-09,53.1622222222,2013-12-09,80.141
211,2013-12-10,53.2261111111,2013-12-10,79.854
212,2013-12-11,52.6844444444,2013-12-11,79.262
213,2013-12-12,52.4811111111,2013-12-12,78.66
214,2013-12-13,52.7266666667,2013-12-13,78.49
215,2013-12-16,53.0505555556,2013-12-16,78.889
216,2013-12-17,53.0872222222,2013-12-17,78.211
217,2013-12-18,53.6955555556,2013-12-18,80.009
218,2013-12-19,53.7533333333,2013-12-19,79.67
219,2013-12-20,54.7205555556,2013-12-20,79.636
220,2013-12-23,55.0,2013-12-23,79.881
221,2013-12-24,55.1366666667,2013-12-24,80.21
222,2013-12-26,55.1188888889,2013-12-26,80.601
223,2013-12-27,55.0272222222,2013-12-27,80.627
224,2013-12-30,55.4494444444,2013-12-30,80.808
225,2013-12-31,55.765,2013-12-31,80.734
226,2014-01-02,55.2411111111,2014-01-02,79.896
227,2014-01-03,55.2522222222,2014-01-03,80.063
228,2014-01-06,54.7927777778,2014-01-06,79.758
229,2014-01-07,55.6844444444,2014-01-07,80.002
230,2014-01-08,55.8394444444,2014-01-08,79.965
231,2014-01-09,55.525,2014-01-09,80.299
232,2014-01-10,56.0194444444,2014-01-10,81.384
233,2014-01-13,55.3883333333,2014-01-13,80.54
234,2014-01-14,56.3561111111,2014-01-14,81.34
235,2014-01-15,56.5616666667,2014-01-15,81.415
236,2014-01-16,56.2022222222,2014-01-16,81.658
237,2014-01-17,56.0533333333,2014-01-17,81.077
238,2014-01-21,56.08,2014-01-21,81.224
239,2014-01-22,56.2522222222,2014-01-22,81.016
240,2014-01-23,56.0983333333,2014-01-23,79.743
241,2014-01-24,54.5111111111,2014-01-24,77.359
242,2014-01-27,54.0688888889,2014-01-27,77.045
243,2014-01-28,53.7661111111,2014-01-28,77.331
244,2014-01-29,53.6344444444,2014-01-29,76.487
245,2014-01-30,54.2422222222,2014-01-30,76.849
246,2014-01-31,54.0294444444,2014-01-31,76.536
247,2014-02-03,52.6477777778,2014-02-03,74.313
248,2014-02-04,52.695,2014-02-04,74.595
249,2014-02-05,52.445,2014-02-05,74.741
250,2014-02-06,53.1394444444,2014-02-06,75.821
251,2014-02-07,53.1594444444,2014-02-07,76.532
252,2014-02-10,53.2616666667,2014-02-10,76.778
253,2014-02-11,53.7492222222,2014-02-11,77.808
254,2014-02-12,53.7227777778,2014-02-12,78.016
255,2014-02-13,53.9872222222,2014-02-13,78.408
256,2014-02-14,54.3,2014-02-14,79.082
257,2014-02-18,54.4083333333,2014-02-18,79.229
258,2014-02-19,54.2772222222,2014-02-19,79.047
259,2014-02-20,54.8855555556,2014-02-20,79.313
260,2014-02-21,54.7266666667,2014-02-21,79.336
261,2014-02-24,54.9855555556,2014-02-24,79.841
262,2014-02-25,54.8616666667,2014-02-25,79.703
263,2014-02-26,55.1011111111,2014-02-26,80.174
264,2014-02-27,55.6688888889,2014-02-27,80.564
265,2014-02-28,55.8655555556,2014-02-28,81.331
266,2014-03-03,55.7166666667,2014-03-03,80.53
267,2014-03-04,56.1338888889,2014-03-04,81.372
268,2014-03-05,55.9344444444,2014-03-05,81.174
269,2014-03-06,55.8927777778,2014-03-06,81.162
270,2014-03-07,55.7833333333,2014-03-07,81.272
271,2014-03-10,55.4866666667,2014-03-10,81.074
272,2014-03-11,55.2766666667,2014-03-11,80.728
273,2014-03-12,55.3833333333,2014-03-12,80.674
274,2014-03-13,54.6233333333,2014-03-13,79.337
275,2014-03-14,54.6766666667,2014-03-14,79.438
276,2014-03-17,54.7855555556,2014-03-17,80.365
277,2014-03-18,55.36,2014-03-18,80.641
278,2014-03-19,54.94,2014-03-19,79.881
279,2014-03-20,55.2166666667,2014-03-20,80.101
280,2014-03-21,55.1916666667,2014-03-21,80.177
281,2014-03-24,54.8355555556,2014-03-24,80.008
282,2014-03-25,54.9144444444,2014-03-25,80.719
283,2014-03-26,55.02,2014-03-26,80.222
284,2014-03-27,55.0777777778,2014-03-27,80.077
285,2014-03-28,55.4211111111,2014-03-28,80.466
286,2014-03-31,55.8244444444,2014-03-31,81.197
287,2014-04-01,56.1277777778,2014-04-01,81.196
288,2014-04-02,56.1833333333,2014-04-02,81.603
289,2014-04-03,55.8988888889,2014-04-03,81.929
290,2014-04-04,54.9066666667,2014-04-04,81.237
291,2014-04-07,53.8822222222,2014-04-07,79.974
292,2014-04-08,54.4633333333,2014-04-08,81.016
293,2014-04-09,55.23,2014-04-09,82.024
294,2014-04-10,53.63,2014-04-10,80.518
295,2014-04-11,52.97,2014-04-11,79.989
296,2014-04-14,53.3588888889,2014-04-14,80.238
297,2014-04-15,53.5855555556,2014-04-15,80.74
298,2014-04-16,54.17,2014-04-16,81.501
299,2014-04-17,54.3511111111,2014-04-17,81.961
300,2014-04-21,54.45,2014-04-21,81.754
301,2014-04-22,54.5788888889,2014-04-22,81.877
302,2014-04-23,54.2122222222,2014-04-23,82.071
303,2014-04-24,54.7822222222,2014-04-24,81.909
304,2014-04-25,54.2366666667,2014-04-25,81.072
305,2014-04-28,54.0811111111,2014-04-28,81.503
306,2014-04-29,54.1311111111,2014-04-29,81.088
307,2014-04-30,53.8894444444,2014-04-30,82.133
308,2014-05-01,53.9772222222,2014-05-01,81.843
309,2014-05-02,54.7466666667,2014-05-02,81.809
310,2014-05-05,54.7955555556,2014-05-05,81.334
311,2014-05-06,54.3077777778,2014-05-06,80.533
312,2014-05-07,53.9411111111,2014-05-07,81.448
313,2014-05-08,54.0148888889,2014-05-08,81.387
314,2014-05-09,54.2688888889,2014-05-09,81.522
315,2014-05-12,55.0688888889,2014-05-12,82.296
316,2014-05-13,55.2977777778,2014-05-13,82.348
317,2014-05-14,55.1622222222,2014-05-14,81.891
318,2014-05-15,54.4011111111,2014-05-15,81.174
319,2014-05-16,54.8755555556,2014-05-16,81.579
320,2014-05-19,55.1511111111,2014-05-19,81.823
321,2014-05-20,54.9022222222,2014-05-20,80.48
322,2014-05-21,55.2511111111,2014-05-21,81.136
323,2014-05-22,55.3744444444,2014-05-22,81.161
324,2014-05-23,55.8288888889,2014-05-23,81.407
325,2014-05-27,56.2177777778,2014-05-27,81.604
326,2014-05-28,56.0322222222,2014-05-28,81.69
327,2014-05-29,56.1355555556,2014-05-29,82.186
328,2014-05-30,56.2866666667,2014-05-30,82.743
329,2014-06-02,56.1222222222,2014-06-02,82.969
330,2014-06-03,56.4455555556,2014-06-03,82.958
331,2014-06-04,56.6644444444,2014-06-04,83.148
332,2014-06-05,56.9705555556,2014-06-05,83.859
333,2014-06-06,57.1744444444,2014-06-06,84.379
334,2014-06-09,56.9822222222,2014-06-09,84.423
335,2014-06-10,56.4966666667,2014-06-10,84.291
336,2014-06-11,56.4155555556,2014-06-11,84.02
337,2014-06-12,56.1383333333,2014-06-12,82.495
338,2014-06-13,56.2655555556,2014-06-13,82.562
339,2014-06-16,56.6011111111,2014-06-16,82.755
340,2014-06-17,56.8133333333,2014-06-17,82.906
341,2014-06-18,57.0322222222,2014-06-18,83.902
342,2014-06-19,57.0888888889,2014-06-19,84.143
343,2014-06-20,57.0677777778,2014-06-20,84.13
344,2014-06-23,57.2688888889,2014-06-23,83.753
345,2014-06-24,56.9411111111,2014-06-24,82.975
346,2014-06-25,57.3122222222,2014-06-25,83.025
347,2014-06-26,57.1022222222,2014-06-26,82.845
348,2014-06-27,57.2077777778,2014-06-27,83.002
349,2014-06-30,57.3633333333,2014-06-30,83.032
350,2014-07-01,57.8566666667,2014-07-01,82.879
351,2014-07-02,57.97,2014-07-02,82.825
352,2014-07-03,58.2955555556,2014-07-03,83.795
353,2014-07-07,57.9455555556,2014-07-07,83.289
354,2014-07-08,57.7233333333,2014-07-08,82.882
355,2014-07-09,58.4211111111,2014-07-09,83.1
356,2014-07-10,58.3216666667,2014-07-10,82.588
357,2014-07-11,58.4855555556,2014-07-11,82.379
358,2014-07-14,58.5888888889,2014-07-14,82.555
359,2014-07-15,58.3888888889,2014-07-15,82.607
360,2014-07-16,59.2688888889,2014-07-16,82.608
361,2014-07-17,58.8633333333,2014-07-17,82.083
362,2014-07-18,59.2661111111,2014-07-18,82.369
363,2014-07-21,59.1844444444,2014-07-21,81.89
364,2014-07-22,59.3577777778,2014-07-22,81.652
365,2014-07-23,59.3144444444,2014-07-23,81.659
366,2014-07-24,59.3322222222,2014-07-24,81.655
367,2014-07-25,59.8888888889,2014-07-25,81.605
368,2014-07-28,60.1844444444,2014-07-28,81.144
369,2014-07-29,60.3133333333,2014-07-29,80.537
370,2014-07-30,60.7966666667,2014-07-30,80.429
371,2014-07-31,60.2833333333,2014-07-31,78.649
372,2014-08-01,60.1077777778,2014-08-01,79.087
373,2014-08-04,60.3411111111,2014-08-04,79.363
374,2014-08-05,60.2422222222,2014-08-05,78.649
375,2014-08-06,59.9077777778,2014-08-06,78.041
376,2014-08-07,59.74,2014-08-07,77.639
377,2014-08-08,60.4433333333,2014-08-08,78.665
378,2014-08-11,60.31,2014-08-11,79.058
379,2014-08-12,60.1761111111,2014-08-12,79.117
380,2014-08-13,60.3022222222,2014-08-13,79.399
381,2014-08-14,60.7,2014-08-14,79.545
382,2014-08-15,60.8544444444,2014-08-15,79.26
383,2014-08-18,61.4711111111,2014-08-18,80.315
384,2014-08-19,61.5972222222,2014-08-19,80.748
385,2014-08-20,61.9188888889,2014-08-20,80.936
386,2014-08-21,62.4022222222,2014-08-21,81.366
387,2014-08-22,62.2938888889,2014-08-22,81.134
388,2014-08-25,62.5344444444,2014-08-25,81.571
389,2014-08-26,62.6227777778,2014-08-26,81.198
390,2014-08-27,62.7380555556,2014-08-27,81.11
391,2014-08-28,62.7166666667,2014-08-28,80.863
392,2014-08-29,62.875,2014-08-29,80.974
393,2014-09-02,62.8077777778,2014-09-02,81.162
394,2014-09-03,62.6877777778,2014-09-03,81.323
395,2014-09-04,62.6494444444,2014-09-04,81.893
396,2014-09-05,62.9811111111,2014-09-05,81.976
397,2014-09-08,62.9561111111,2014-09-08,81.599
398,2014-09-09,62.5544444444,2014-09-09,81.254
399,2014-09-10,62.5022222222,2014-09-10,81.521
400,2014-09-11,62.81,2014-09-11,81.55
401,2014-09-12,62.5955555556,2014-09-12,81.534
402,2014-09-15,62.0444444444,2014-09-15,81.491
403,2014-09-16,62.8038888889,2014-09-16,81.929
404,2014-09-17,62.9488888889,2014-09-17,82.127
405,2014-09-18,63.5672222222,2014-09-18,82.687
406,2014-09-19,63.2377777778,2014-09-19,82.602
407,2014-09-22,62.55,2014-09-22,81.986
408,2014-09-23,62.3,2014-09-23,81.584
409,2014-09-24,63.045,2014-09-24,82.447
410,2014-09-25,61.9922222222,2014-09-25,81.249
411,2014-09-26,62.6166666667,2014-09-26,81.796
412,2014-09-29,62.4144444444,2014-09-29,81.71
413,2014-09-30,62.6788888889,2014-09-30,81.475
414,2014-10-01,61.4833333333,2014-10-01,80.843
415,2014-10-02,61.6533333333,2014-10-02,81.375
416,2014-10-03,62.3833333333,2014-10-03,82.121
417,2014-10-06,62.265,2014-10-06,81.905
418,2014-10-07,61.385,2014-10-07,80.656
419,2014-10-08,62.4188888889,2014-10-08,81.668
420,2014-10-09,61.12,2014-10-09,80.015
421,2014-10-10,59.5366666667,2014-10-10,79.464
422,2014-10-13,58.7144444444,2014-10-13,77.889
423,2014-10-14,59.0477777778,2014-10-14,78.462
424,2014-10-15,58.8488888889,2014-10-15,78.258
425,2014-10-16,59.0044444444,2014-10-16,77.341
426,2014-10-17,59.45,2014-10-17,78.076
427,2014-10-20,60.28,2014-10-20,78.517
428,2014-10-21,61.5844444444,2014-10-21,79.955
429,2014-10-22,60.7627777778,2014-10-22,79.46
430,2014-10-23,61.9383333333,2014-10-23,80.266
431,2014-10-24,62.6855555556,2014-10-24,80.861
432,2014-10-27,62.7255555556,2014-10-27,80.955
433,2014-10-28,62.7555555556,2014-10-28,81.784
434,2014-10-29,62.5588888889,2014-10-29,81.782
435,2014-10-30,62.9233333333,2014-10-30,83.215
436,2014-10-31,63.5866666667,2014-10-31,83.212
437,2014-11-03,63.9811111111,2014-11-03,83.178
438,2014-11-04,63.68,2014-11-04,83.807
439,2014-11-05,64.0511111111,2014-11-05,84.364
440,2014-11-06,64.4,2014-11-06,84.827
441,2014-11-07,64.375,2014-11-07,85.306
442,2014-11-10,64.4188888889,2014-11-10,85.125
443,2014-11-11,64.25,2014-11-11,84.904
444,2014-11-12,64.3933333333,2014-11-12,85.079
445,2014-11-13,64.0988888889,2014-11-13,84.821
446,2014-11-14,64.2955555556,2014-11-14,84.852
447,2014-11-17,64.5955555556,2014-11-17,84.78
448,2014-11-18,65.1933333333,2014-11-18,84.963
449,2014-11-19,64.8316666667,2014-11-19,85.699
450,2014-11-20,65.3,2014-11-20,85.542
451,2014-11-21,65.6044444444,2014-11-21,86.331
452,2014-11-24,66.2077777778,2014-11-24,86.703
453,2014-11-25,66.4944444444,2014-11-25,86.642
454,2014-11-26,66.7183333333,2014-11-26,86.573
455,2014-11-28,67.1355555556,2014-11-28,86.787
456,2014-12-01,66.3138888889,2014-12-01,85.922
457,2014-12-02,66.2022222222,2014-12-02,86.364
458,2014-12-03,66.6422222222,2014-12-03,86.945
459,2014-12-04,66.4755555556,2014-12-04,87.071
460,2014-12-05,66.5572222222,2014-12-05,87.41
461,2014-12-08,65.9977777778,2014-12-08,86.828
462,2014-12-09,65.9077777778,2014-12-09,86.668
463,2014-12-10,64.8477777778,2014-12-10,85.108
464,2014-12-11,65.1988888889,2014-12-11,86.175
465,2014-12-12,64.5227777778,2014-12-12,85.264
466,2014-12-15,64.5422222222,2014-12-15,84.822
467,2014-12-16,64.07,2014-12-16,84.719
468,2014-12-17,64.7116666667,2014-12-17,85.492
469,2014-12-18,66.3533333333,2014-12-18,87.607
470,2014-12-19,66.5077777778,2014-12-19,88.198
471,2014-12-22,67.0377777778,2014-12-22,88.59
472,2014-12-23,67.1816666667,2014-12-23,89.312
473,2014-12-24,66.9411111111,2014-12-24,89.186
474,2014-12-26,66.7888888889,2014-12-26,89.36
475,2014-12-29,66.6422222222,2014-12-29,89.493
476,2014-12-30,66.3327777778,2014-12-30,89.118
477,2014-12-31,65.6866666667,2014-12-31,88.304
478,2015-01-02,65.6133333333,2015-01-02,88.222
479,2015-01-05,64.8205555556,2015-01-05,86.64
480,2015-01-06,64.0588888889,2015-01-06,85.591
481,2015-01-07,64.9272222222,2015-01-07,86.592
482,2015-01-08,66.1433333333,2015-01-08,87.861
483,2015-01-09,66.0944444444,2015-01-09,86.818
484,2015-01-12,65.26,2015-01-12,85.896
485,2015-01-13,65.15,2015-01-13,85.562
486,2015-01-14,64.5483333333,2015-01-14,84.82
487,2015-01-15,63.7161111111,2015-01-15,84.347
488,2015-01-16,64.5077777778,2015-01-16,85.372
489,2015-01-20,64.2822222222,2015-01-20,85.388
490,2015-01-21,64.7261111111,2015-01-21,85.714
491,2015-01-22,66.3538888889,2015-01-22,86.489
492,2015-01-23,66.295,2015-01-23,85.399
493,2015-01-26,66.38,2015-01-26,84.402
494,2015-01-27,65.6861111111,2015-01-27,83.553
495,2015-01-28,65.0122222222,2015-01-28,82.642
496,2015-01-29,65.5066666667,2015-01-29,83.624
497,2015-01-30,64.0222222222,2015-01-30,82.3
498,2015-02-02,64.7244444444,2015-02-02,83.723
499,2015-02-03,65.49,2015-02-03,85.025
500,2015-02-04,66.2233333333,2015-02-04,83.67
501,2015-02-05,66.605,2015-02-05,84.146
502,2015-02-06,66.7716666667,2015-02-06,84.153
503,2015-02-09,66.5855555556,2015-02-09,83.732
504,2015-02-10,67.5622222222,2015-02-10,84.347
505,2015-02-11,67.77,2015-02-11,84.347
506,2015-02-12,68.0361111111,2015-02-12,84.473
507,2015-02-13,68.5655555556,2015-02-13,84.531
508,2015-02-17,68.65,2015-02-17,84.301
509,2015-02-18,68.7955555556,2015-02-18,84.475
510,2015-02-19,69.1077777778,2015-02-19,84.247
511,2015-02-20,69.65,2015-02-20,84.711
512,2015-02-23,69.4155555556,2015-02-23,84.67
513,2015-02-24,69.3022222222,2015-02-24,85.009
514,2015-02-25,69.5822222222,2015-02-25,85.158
515,2015-02-26,70.0072222222,2015-02-26,85.292
516,2015-02-27,70.4716666667,2015-02-27,85.054
517,2015-03-02,71.1144444444,2015-03-02,85.745
518,2015-03-03,70.2205555556,2015-03-03,85.671
519,2015-03-04,70.4822222222,2015-03-04,84.521
520,2015-03-05,70.3161111111,2015-03-05,84.99
521,2015-03-06,69.6894444444,2015-03-06,83.687
522,2015-03-09,69.8877777778,2015-03-09,84.205
523,2015-03-10,68.3638888889,2015-03-10,82.614
524,2015-03-11,68.6088888889,2015-03-11,82.588
525,2015-03-12,69.0116666667,2015-03-12,83.611
526,2015-03-13,68.6505555556,2015-03-13,83.334
527,2015-03-16,69.2638888889,2015-03-16,84.593
528,2015-03-17,69.0588888889,2015-03-17,84.251
529,2015-03-18,69.7377777778,2015-03-18,85.289
530,2015-03-19,69.8638888889,2015-03-19,84.884
531,2015-03-20,70.4144444444,2015-03-20,85.416
532,2015-03-23,70.5438888889,2015-03-23,85.198
533,2015-03-24,70.3272222222,2015-03-24,85.059
534,2015-03-25,68.5627777778,2015-03-25,84.371
535,2015-03-26,68.5322222222,2015-03-26,83.769
536,2015-03-27,68.9727777778,2015-03-27,84.027
537,2015-03-30,69.315,2015-03-30,84.95
538,2015-03-31,68.5205555556,2015-03-31,84.484
539,2015-04-01,68.5677777778,2015-04-01,83.781
540,2015-04-02,68.9677777778,2015-04-02,83.99
541,2015-04-06,69.2866666667,2015-04-06,85.11
542,2015-04-07,69.0661111111,2015-04-07,84.587
543,2015-04-08,69.25,2015-04-08,84.887
544,2015-04-09,69.7177777778,2015-04-09,85.434
545,2015-04-10,69.86,2015-04-10,85.312
546,2015-04-13,69.5683333333,2015-04-13,85.323
547,2015-04-14,69.55,2015-04-14,85.785
548,2015-04-15,69.9927777778,2015-04-15,86.108
549,2015-04-16,69.7172222222,2015-04-16,85.795
550,2015-04-17,68.9105555556,2015-04-17,84.648
551,2015-04-20,69.7877777778,2015-04-20,85.017
552,2015-04-21,70.3316666667,2015-04-21,85.949
553,2015-04-22,70.5588888889,2015-04-22,86.004
554,2015-04-23,71.1077777778,2015-04-23,86.114
555,2015-04-24,70.0344444444,2015-04-24,86.226
556,2015-04-27,69.2938888889,2015-04-27,86.347
557,2015-04-28,69.395,2015-04-28,86.434
558,2015-04-29,68.7166666667,2015-04-29,85.901
559,2015-04-30,68.13,2015-04-30,85.203
560,2015-05-01,68.9127777778,2015-05-01,86.262
561,2015-05-04,69.3955555556,2015-05-04,86.579
562,2015-05-05,67.925,2015-05-05,85.671
563,2015-05-06,67.9455555556,2015-05-06,85.599
564,2015-05-07,68.3605555556,2015-05-07,85.957
565,2015-05-08,69.3527777778,2015-05-08,86.956
566,2015-05-11,69.2633333333,2015-05-11,86.827
567,2015-05-12,68.9055555556,2015-05-12,87.067
568,2015-05-13,69.2266666667,2015-05-13,86.421
569,2015-05-14,68.9994444444,2015-05-14,86.968
570,2015-05-15,69.3611111111,2015-05-15,87.036
571,2015-05-18,69.7888888889,2015-05-18,87.102
572,2015-05-19,69.7311111111,2015-05-19,86.916
573,2015-05-20,69.3111111111,2015-05-20,86.807
574,2015-05-21,69.3677777778,2015-05-21,87.362
575,2015-05-22,69.4788888889,2015-05-22,87.089
576,2015-05-26,68.7983333333,2015-05-26,86.383
577,2015-05-27,69.38,2015-05-27,86.931
578,2015-05-28,69.4605555556,2015-05-28,86.687
579,2015-05-29,69.33,2015-05-29,85.713
580,2015-06-01,69.9588888889,2015-06-01,85.83
581,2015-06-02,69.7944444444,2015-06-02,85.924
582,2015-06-03,69.8005555556,2015-06-03,86.009
583,2015-06-04,69.7711111111,2015-06-04,85.121
584,2015-06-05,69.6711111111,2015-06-05,85.027
585,2015-06-08,68.6555555556,2015-06-08,84.625
586,2015-06-09,68.5011111111,2015-06-09,84.871
587,2015-06-10,69.3855555556,2015-06-10,85.784
588,2015-06-11,69.4866666667,2015-06-11,85.943
589,2015-06-12,69.0322222222,2015-06-12,85.069
590,2015-06-15,69.0733333333,2015-06-15,84.548
591,2015-06-16,69.1533333333,2015-06-16,85.112
592,2015-06-17,69.335,2015-06-17,85.537
593,2015-06-18,70.2677777778,2015-06-18,86.73
594,2015-06-19,70.0822222222,2015-06-19,86.562
595,2015-06-22,70.3611111111,2015-06-22,86.892
596,2015-06-23,70.1916666667,2015-06-23,86.874
597,2015-06-24,69.7133333333,2015-06-24,86.311
598,2015-06-25,70.4716666667,2015-06-25,85.636
599,2015-06-26,70.1038888889,2015-06-26,85.75
600,2015-06-29,68.5516666667,2015-06-29,83.956
601,2015-06-30,68.6,2015-06-30,83.881
602,2015-07-01,69.2861111111,2015-07-01,84.633
603,2015-07-02,69.3533333333,2015-07-02,84.357
604,2015-07-06,68.9805555556,2015-07-06,84.007
605,2015-07-07,69.3816666667,2015-07-07,84.975
606,2015-07-08,68.2,2015-07-08,83.862
607,2015-07-09,68.2733333333,2015-07-09,84.356
608,2015-07-10,69.0266666667,2015-07-10,85.245
609,2015-07-13,69.5666666667,2015-07-13,86.021
610,2015-07-14,70.0233333333,2015-07-14,85.57
611,2015-07-15,69.8077777778,2015-07-15,85.296
612,2015-07-16,69.94,2015-07-16,85.969
613,2015-07-17,69.5533333333,2015-07-17,85.875
614,2015-07-20,65.4388888889,2015-07-20,85.86
615,2015-07-21,65.4644444444,2015-07-21,84.828
616,2015-07-22,65.75,2015-07-22,84.383
617,2015-07-23,66.0044444444,2015-07-23,84.126
618,2015-07-24,65.6033333333,2015-07-24,83.418
619,2015-07-27,65.3077777778,2015-07-27,83.173
620,2015-07-28,66.0822222222,2015-07-28,83.977
621,2015-07-29,66.46,2015-07-29,84.452
622,2015-07-30,67.0522222222,2015-07-30,84.34
623,2015-07-31,66.9666666667,2015-07-31,84.472
624,2015-08-03,66.9111111111,2015-08-03,83.933
625,2015-08-04,66.91,2015-08-04,83.908
626,2015-08-05,67.3211111111,2015-08-05,84.381
627,2015-08-06,66.8622222222,2015-08-06,83.636
628,2015-08-07,66.8,2015-08-07,83.213
629,2015-08-10,67.8111111111,2015-08-10,84.105
630,2015-08-11,67.4055555556,2015-08-11,83.262
631,2015-08-12,67.5666666667,2015-08-12,83.5
632,2015-08-13,66.9411111111,2015-08-13,83.092
633,2015-08-14,67.3077777778,2015-08-14,83.112
634,2015-08-17,67.6988888889,2015-08-17,83.433
635,2015-08-18,67.0633333333,2015-08-18,83.508
636,2015-08-19,66.4511111111,2015-08-19,83.057
637,2015-08-20,64.9044444444,2015-08-20,82.013
638,2015-08-21,63.5611111111,2015-08-21,79.937
639,2015-08-24,61.2944444444,2015-08-24,77.13
640,2015-08-25,60.7244444444,2015-08-25,76.017
641,2015-08-26,62.7844444444,2015-08-26,77.994
642,2015-08-27,64.5744444444,2015-08-27,79.724
643,2015-08-28,64.6166666667,2015-08-28,79.713
644,2015-08-31,64.0333333333,2015-08-31,79.475
645,2015-09-01,62.2344444444,2015-09-01,77.645
646,2015-09-02,63.0688888889,2015-09-02,78.71
647,2015-09-03,63.4744444444,2015-09-03,78.692
648,2015-09-04,62.3555555556,2015-09-04,77.589
649,2015-09-08,63.79,2015-09-08,79.706
650,2015-09-09,62.8733333333,2015-09-09,78.724
651,2015-09-10,62.5933333333,2015-09-10,78.726
652,2015-09-11,62.5011111111,2015-09-11,78.816
653,2015-09-14,62.5122222222,2015-09-14,78.18
654,2015-09-15,63.1433333333,2015-09-15,79.309
655,2015-09-16,63.6355555556,2015-09-16,79.923
656,2015-09-17,62.9955555556,2015-09-17,79.353
657,2015-09-18,61.6455555556,2015-09-18,77.782
658,2015-09-21,61.64,2015-09-21,78.32
659,2015-09-22,60.4655555556,2015-09-22,77.454
660,2015-09-23,60.4277777778,2015-09-23,77.214
661,2015-09-24,59.5933333333,2015-09-24,77.303
662,2015-09-25,59.0522222222,2015-09-25,77.577
663,2015-09-28,57.4511111111,2015-09-28,76.262
664,2015-09-29,57.5211111111,2015-09-29,76.343
665,2015-09-30,59.1633333333,2015-09-30,77.295
666,2015-10-01,58.7577777778,2015-10-01,76.659
667,2015-10-02,59.5488888889,2015-10-02,77.991
668,2015-10-05,60.8338888889,2015-10-05,79.516
669,2015-10-06,60.3766666667,2015-10-06,79.236
670,2015-10-07,61.1477777778,2015-10-07,80.198
671,2015-10-08,61.3066666667,2015-10-08,81.156
672,2015-10-09,61.5755555556,2015-10-09,81.098
673,2015-10-12,61.34,2015-10-12,80.787
674,2015-10-13,60.5122222222,2015-10-13,80.013
675,2015-10-14,60.465,2015-10-14,79.303
676,2015-10-15,59.7411111111,2015-10-15,79.94
677,2015-10-16,59.7811111111,2015-10-16,78.696
678,2015-10-19,55.5365,2015-10-19,78.257
679,2015-10-20,55.983,2015-10-20,78.394
680,2015-10-21,55.421,2015-10-21,78.533
681,2015-10-22,56.638,2015-10-22,80.611
682,2015-10-23,57.79,2015-10-23,80.337
683,2015-10-26,57.889,2015-10-26,80.284
684,2015-10-27,57.641,2015-10-27,80.149
685,2015-10-28,58.0785,2015-10-28,80.134
686,2015-10-29,57.7005,2015-10-29,80.067
687,2015-10-30,57.799,2015-10-30,80.336
688,2015-11-02,58.445,2015-11-02,81.222
689,2015-11-03,58.347,2015-11-03,81.268
690,2015-11-04,57.708,2015-11-04,80.857
691,2015-11-05,56.956,2015-11-05,80.815
692,2015-11-06,57.366,2015-11-06,80.262
693,2015-11-09,56.599,2015-11-09,79.307
694,2015-11-10,56.527,2015-11-10,79.739
695,2015-11-11,56.182,2015-11-11,79.406
696,2015-11-12,55.524,2015-11-12,77.299
697,2015-11-13,54.897,2015-11-13,76.177
698,2015-11-16,55.8475,2015-11-16,77.399
699,2015-11-17,55.754,2015-11-17,76.873
700,2015-11-18,56.528,2015-11-18,77.813
701,2015-11-19,56.047,2015-11-19,77.857
702,2015-11-20,56.736,2015-11-20,77.77
703,2015-11-23,56.452,2015-11-23,78.142
704,2015-11-24,56.857,2015-11-24,78.257
705,2015-11-25,56.977,2015-11-25,78.524
706,2015-11-27,57.166,2015-11-27,78.763
707,2015-11-30,57.114,2015-11-30,78.448
708,2015-12-01,58.345,2015-12-01,78.794
709,2015-12-02,57.383,2015-12-02,77.863
710,2015-12-03,56.709,2015-12-03,77.283
711,2015-12-04,57.578,2015-12-04,78.542
712,2015-12-07,57.402,2015-12-07,78.157
713,2015-12-08,57.5675,2015-12-08,77.172
714,2015-12-09,56.681,2015-12-09,76.371
715,2015-12-10,57.023,2015-12-10,76.504
716,2015-12-11,55.5395,2015-12-11,75.027
717,2015-12-14,55.3995,2015-12-14,75.803
718,2015-12-15,56.026,2015-12-15,76.185
719,2015-12-16,56.45,2015-12-16,77.388
720,2015-12-17,55.184,2015-12-17,76.374
721,2015-12-18,54.502,2015-12-18,75.416
722,2015-12-21,55.4215,2015-12-21,76.342
723,2015-12-22,55.9965,2015-12-22,77.639
724,2015-12-23,56.771,2015-12-23,78.75
725,2015-12-24,56.816,2015-12-24,78.629
726,2015-12-28,56.81,2015-12-28,78.6
727,2015-12-29,57.557,2015-12-29,79.363
728,2015-12-30,57.127,2015-12-30,78.956
729,2015-12-31,56.565,2015-12-31,77.9855
730,2016-01-04,55.745,2016-01-04,77.197
731,2016-01-05,55.683,2016-01-05,77.218
732,2016-01-06,54.783,2016-01-06,76.411
733,2016-01-07,53.775,2016-01-07,75.497
734,2016-01-08,52.646,2016-01-08,74.507
735,2016-01-11,53.372,2016-01-11,74.006
736,2016-01-12,53.506,2016-01-12,74.284
737,2016-01-13,51.985,2016-01-13,72.969
738,2016-01-14,52.8035,2016-01-14,73.818
739,2016-01-15,50.949,2016-01-15,73.068
740,2016-01-19,50.597,2016-01-19,72.763
741,2016-01-20,50.198,2016-01-20,71.856
742,2016-01-21,50.059,2016-01-21,72.551
743,2016-01-22,51.546,2016-01-22,73.613
744,2016-01-25,51.0805,2016-01-25,72.391
745,2016-01-26,52.133,2016-01-26,73.487
746,2016-01-27,51.608,2016-01-27,73.246
747,2016-01-28,51.6705,2016-01-28,74.528
748,2016-01-29,53.184,2016-01-29,76.384
749,2016-02-01,53.333,2016-02-01,76.275
750,2016-02-02,52.4705,2016-02-02,74.859
751,2016-02-03,52.849,2016-02-03,75.708
752,2016-02-04,51.981,2016-02-04,76.913
753,2016-02-05,51.066,2016-02-05,76.493
754,2016-02-08,48.82,2016-02-08,76.388
755,2016-02-09,48.307,2016-02-09,76.86
756,2016-02-10,48.542,2016-02-10,76.061
757,2016-02-11,47.609,2016-02-11,75.291
758,2016-02-12,49.174,2016-02-12,77.084
759,2016-02-16,50.228,2016-02-16,78.077
760,2016-02-17,51.235,2016-02-17,78.952
761,2016-02-18,51.256,2016-02-18,78.966
762,2016-02-19,51.108,2016-02-19,79.192
763,2016-02-22,52.343,2016-02-22,80.214
764,2016-02-23,51.678,2016-02-23,79.901
765,2016-02-24,52.411,2016-02-24,80.136
766,2016-02-25,53.07,2016-02-25,80.931
767,2016-02-26,53.26,2016-02-26,80.73
768,2016-02-29,52.835,2016-02-29,80.217
769,2016-03-01,54.111,2016-03-01,82.181
770,2016-03-02,54.118,2016-03-02,82.037
771,2016-03-03,54.594,2016-03-03,82.351
772,2016-03-04,54.797,2016-03-04,82.731
773,2016-03-07,54.911,2016-03-07,82.874
774,2016-03-08,53.89,2016-03-08,82.721
775,2016-03-09,53.879,2016-03-09,82.225
776,2016-03-10,54.103,2016-03-10,82.034
777,2016-03-11,55.23,2016-03-11,82.692
778,2016-03-14,55.293,2016-03-14,82.852
779,2016-03-15,55.048,2016-03-15,82.631
780,2016-03-16,55.511,2016-03-16,83.457
781,2016-03-17,56.134,2016-03-17,85.295
782,2016-03-18,56.447,2016-03-18,85.136
783,2016-03-21,56.514,2016-03-21,85.153
784,2016-03-22,56.594,2016-03-22,84.849
785,2016-03-23,56.14,2016-03-23,84.683
786,2016-03-24,56.04,2016-03-24,84.651
787,2016-03-28,56.08,2016-03-28,84.825
788,2016-03-29,56.939,2016-03-29,85.529
789,2016-03-30,57.133,2016-03-30,86.041
790,2016-03-31,57.151,2016-03-31,85.835
791,2016-04-01,57.58,2016-04-01,86.579
792,2016-04-04,57.216,2016-04-04,85.831
793,2016-04-05,56.576,2016-04-05,85.446
794,2016-04-06,57.159,2016-04-06,85.664
795,2016-04-07,56.308,2016-04-07,84.687
796,2016-04-08,56.427,2016-04-08,85.028
797,2016-04-11,56.395,2016-04-11,84.959
798,2016-04-12,56.537,2016-04-12,85.212
799,2016-04-13,57.106,2016-04-13,85.842
800,2016-04-14,56.155,2016-04-14,85.809
801,2016-04-15,56.028,2016-04-15,86.142
802,2016-04-18,56.436,2016-04-18,86.027
803,2016-04-19,56.145,2016-04-19,85.845
804,2016-04-20,56.619,2016-04-20,85.166
805,2016-04-21,56.12,2016-04-21,84.41
806,2016-04-22,56.294,2016-04-22,84.322
807,2016-04-25,56.176,2016-04-25,84.264
808,2016-04-26,56.608,2016-04-26,84.933
809,2016-04-27,56.932,2016-04-27,85.663
810,2016-04-28,56.012,2016-04-28,84.6775
811,2016-04-29,54.472,2016-04-29,84.046
812,2016-05-02,54.795,2016-05-02,84.513
813,2016-05-03,53.436,2016-05-03,84.186
814,2016-05-04,53.168,2016-05-04,83.604
815,2016-05-05,53.194,2016-05-05,83.606
816,2016-05-06,53.566,2016-05-06,83.759
817,2016-05-09,53.541,2016-05-09,83.767
818,2016-05-10,54.087,2016-05-10,84.424
819,2016-05-11,53.428,2016-05-11,83.298
820,2016-05-12,52.699,2016-05-12,83.295
821,2016-05-13,52.688,2016-05-13,82.281
822,2016-05-16,52.734,2016-05-16,82.927
823,2016-05-17,52.2615,2016-05-17,81.491
824,2016-05-18,52.315,2016-05-18,80.677
825,2016-05-19,52.111,2016-05-19,80.186
826,2016-05-20,52.743,2016-05-20,80.752
827,2016-05-23,52.578,2016-05-23,80.675
828,2016-05-24,53.394,2016-05-24,81.822
829,2016-05-25,53.7005,2016-05-25,82.27
830,2016-05-26,53.679,2016-05-26,82.365
831,2016-05-27,54.146,2016-05-27,82.465
832,2016-05-31,54.301,2016-05-31,82.549
833,2016-06-01,54.214,2016-06-01,82.611
834,2016-06-02,54.884,2016-06-02,82.93
835,2016-06-03,54.559,2016-06-03,82.815
836,2016-06-06,54.617,2016-06-06,83.219
837,2016-06-07,55.176,2016-06-07,83.252
838,2016-06-08,55.414,2016-06-08,83.554
839,2016-06-09,55.363,2016-06-09,83.026
840,2016-06-10,54.471,2016-06-10,82.602
841,2016-06-13,53.745,2016-06-13,81.53
842,2016-06-14,53.786,2016-06-14,82.023
843,2016-06-15,53.8195,2016-06-15,82.02
844,2016-06-16,53.824,2016-06-16,82.366
845,2016-06-17,53.851,2016-06-17,82.395
846,2016-06-20,54.836,2016-06-20,82.925
847,2016-06-21,55.185,2016-06-21,82.942
848,2016-06-22,55.254,2016-06-22,83.151
849,2016-06-23,56.395,2016-06-23,84.133
850,2016-06-24,53.636,2016-06-24,81.248
851,2016-06-27,51.965,2016-06-27,80.183
852,2016-06-28,53.232,2016-06-28,81.27
853,2016-06-29,54.327,2016-06-29,82.53
854,2016-06-30,54.998,2016-06-30,84.393
855,2016-07-01,54.944,2016-07-01,84.581
856,2016-07-05,54.16,2016-07-05,83.938
857,2016-07-06,54.363,2016-07-06,83.828
858,2016-07-07,54.689,2016-07-07,83.652
859,2016-07-08,56.099,2016-07-08,85.282
860,2016-07-11,56.209,2016-07-11,85.629
861,2016-07-12,56.97,2016-07-12,85.65
862,2016-07-13,56.929,2016-07-13,85.666
863,2016-07-14,56.98,2016-07-14,86.111
864,2016-07-15,56.912,2016-07-15,85.938
865,2016-07-18,57.17,2016-07-18,85.691
866,2016-07-19,57.018,2016-07-19,84.212
867,2016-07-20,57.73,2016-07-20,84.147
868,2016-07-21,57.601,2016-07-21,83.571
869,2016-07-22,57.981,2016-07-22,84.264
870,2016-07-25,58.115,2016-07-25,84.216
871,2016-07-26,58.437,2016-07-26,84.36
872,2016-07-27,58.23,2016-07-27,83.846
873,2016-07-28,58.581,2016-07-28,84.123
874,2016-07-29,58.641,2016-07-29,83.859
875,2016-08-01,58.637,2016-08-01,83.713
876,2016-08-02,57.401,2016-08-02,82.698
877,2016-08-03,57.859,2016-08-03,82.843
878,2016-08-04,58.038,2016-08-04,83.171
879,2016-08-05,58.598,2016-08-05,83.775
880,2016-08-08,58.536,2016-08-08,83.854
881,2016-08-09,58.509,2016-08-09,83.424
882,2016-08-10,57.954,2016-08-10,83.636
883,2016-08-11,58.625,2016-08-11,84.75
884,2016-08-12,58.62,2016-08-12,84.89
885,2016-08-15,58.837,2016-08-15,85.259
886,2016-08-16,57.857,2016-08-16,84.875
887,2016-08-17,57.348,2016-08-17,84.464
888,2016-08-18,57.515,2016-08-18,84.627
889,2016-08-19,57.693,2016-08-19,84.433
890,2016-08-22,57.69,2016-08-22,84.362
891,2016-08-23,57.87,2016-08-23,84.787
892,2016-08-24,57.506,2016-08-24,84.674
893,2016-08-25,57.879,2016-08-25,84.332
894,2016-08-26,57.926,2016-08-26,84.126
895,2016-08-29,58.2,2016-08-29,84.861
896,2016-08-30,58.164,2016-08-30,84.605
897,2016-08-31,58.09,2016-08-31,84.129
898,2016-09-01,58.263,2016-09-01,83.867
899,2016-09-02,59.081,2016-09-02,84.385
900,2016-09-06,58.944,2016-09-06,84.183
901,2016-09-07,59.68,2016-09-07,83.776
902,2016-09-08,59.012,2016-09-08,83.765
903,2016-09-09,57.361,2016-09-09,81.446
904,2016-09-12,58.263,2016-09-12,82.404
905,2016-09-13,57.283,2016-09-13,81.261
906,2016-09-14,57.057,2016-09-14,81.141
907,2016-09-15,57.609,2016-09-15,81.911
908,2016-09-16,57.364,2016-09-16,80.68
909,2016-09-19,57.634,2016-09-19,81.057
910,2016-09-20,57.355,2016-09-20,80.728
911,2016-09-21,58.207,2016-09-21,81.567
912,2016-09-22,58.458,2016-09-22,82.43
913,2016-09-23,58.182,2016-09-23,81.371
914,2016-09-26,57.832,2016-09-26,80.642
915,2016-09-27,58.229,2016-09-27,81.264
916,2016-09-28,58.558,2016-09-28,81.318
917,2016-09-29,58.273,2016-09-29,80.908
918,2016-09-30,58.003,2016-09-30,82.088
919,2016-10-03,57.991,2016-10-03,82.039
920,2016-10-04,57.911,2016-10-04,81.154
921,2016-10-05,58.018,2016-10-05,81.625
922,2016-10-06,58.364,2016-10-06,81.978
923,2016-10-07,58.244,2016-10-07,81.336
924,2016-10-10,58.791,2016-10-10,81.155
925,2016-10-11,57.771,2016-10-11,79.676
926,2016-10-12,58.119,2016-10-12,79.909
927,2016-10-13,58.341,2016-10-13,79.347
928,2016-10-14,58.315,2016-10-14,79.264
929,2016-10-17,58.032,2016-10-17,79.096
930,2016-10-18,58.464,2016-10-18,78.202
931,2016-10-19,58.669,2016-10-19,77.706
932,2016-10-20,58.064,2016-10-20,77.709
933,2016-10-21,58.786,2016-10-21,77.77
934,2016-10-24,59.128,2016-10-24,77.624
935,2016-10-25,58.694,2016-10-25,77.28
936,2016-10-26,58.507,2016-10-26,77.928
937,2016-10-27,58.533,2016-10-27,77.302
938,2016-10-28,58.672,2016-10-28,77.84
939,2016-10-31,58.578,2016-10-31,78.077
940,2016-11-01,57.927,2016-11-01,77.717
941,2016-11-02,57.112,2016-11-02,77.332
942,2016-11-03,56.892,2016-11-03,77.071
943,2016-11-04,56.854,2016-11-04,76.902
944,2016-11-07,58.749,2016-11-07,78.154
945,2016-11-08,59.124,2016-11-08,78.555
946,2016-11-09,57.796,2016-11-09,80.339
947,2016-11-10,57.934,2016-11-10,81.165
948,2016-11-11,58.195,2016-11-11,80.987
949,2016-11-14,58.147,2016-11-14,81.426
950,2016-11-15,58.624,2016-11-15,81.717
951,2016-11-16,59.029,2016-11-16,81.939
952,2016-11-17,59.989,2016-11-17,81.369
953,2016-11-18,59.675,2016-11-18,81.109
954,2016-11-21,60.043,2016-11-21,82.087
955,2016-11-22,59.548,2016-11-22,82.62
956,2016-11-23,59.39,2016-11-23,82.68
957,2016-11-25,59.785,2016-11-25,83.172
958,2016-11-28,59.623,2016-11-28,82.736
959,2016-11-29,59.603,2016-11-29,82.893
960,2016-11-30,59.147,2016-11-30,83.172
961,2016-12-01,57.719,2016-12-01,83.875
962,2016-12-02,58.23,2016-12-02,83.741
963,2016-12-05,58.769,2016-12-05,83.796
964,2016-12-06,58.967,2016-12-06,84.001
965,2016-12-07,60.423,2016-12-07,84.828
966,2016-12-08,60.619,2016-12-08,84.99
967,2016-12-09,60.227,2016-12-09,85.352
968,2016-12-12,59.912,2016-12-12,84.945
969,2016-12-13,60.493,2016-12-13,85.352
970,2016-12-14,60.02,2016-12-14,84.267
971,2016-12-15,60.437,2016-12-15,84.322
972,2016-12-16,59.43,2016-12-16,84.47
973,2016-12-19,60.097,2016-12-19,84.722
974,2016-12-20,60.263,2016-12-20,85.15
975,2016-12-21,60.099,2016-12-21,84.837
976,2016-12-22,59.922,2016-12-22,84.099
977,2016-12-23,60.089,2016-12-23,84.027
978,2016-12-27,60.329,2016-12-27,84.356
979,2016-12-28,59.798,2016-12-28,83.287
980,2016-12-29,59.581,2016-12-29,83.334
981,2016-12-30,59.275,2016-12-30,82.822
982,2017-01-03,60.125,2017-01-03,83.508
983,2017-01-04,60.848,2017-01-04,84.112
984,2017-01-05,59.712,2017-01-05,83.395
985,2017-01-06,59.792,2017-01-06,83.077
986,2017-01-09,59.825,2017-01-09,82.55
987,2017-01-10,59.423,2017-01-10,82.706
988,2017-01-11,59.874,2017-01-11,83.472
989,2017-01-12,59.848,2017-01-12,83.324
990,2017-01-13,60.101,2017-01-13,83.325
991,2017-01-17,60.178,2017-01-17,83.881
992,2017-01-18,60.513,2017-01-18,84.219
993,2017-01-19,59.964,2017-01-19,83.948
994,2017-01-20,60.264,2017-01-20,84.145
995,2017-01-23,60.043,2017-01-23,83.673
996,2017-01-24,60.455,2017-01-24,84.873
997,2017-01-25,61.388,2017-01-25,85.799
998,2017-01-26,61.382,2017-01-26,85.636
999,2017-01-27,61.551,2017-01-27,85.306
1000,2017-01-30,61.044,2017-01-30,84.994
1001,2017-01-31,61.026,2017-01-31,84.888
1002,2017-02-01,61.32,2017-02-01,84.81
1003,2017-02-02,61.596,2017-02-02,84.672
1004,2017-02-03,62.243,2017-02-03,84.862
1005,2017-02-06,61.832,2017-02-06,85.01
1006,2017-02-07,62.074,2017-02-07,85.546
1007,2017-02-08,62.743,2017-02-08,85.851
1008,2017-02-09,63.292,2017-02-09,86.198
1009,2017-02-10,63.309,2017-02-10,86.49
1010,2017-02-13,63.736,2017-02-13,86.457
1011,2017-02-14,63.663,2017-02-14,86.443
1012,2017-02-15,63.9605,2017-02-15,86.732
1013,2017-02-16,63.527,2017-02-16,87.033
1014,2017-02-17,63.648,2017-02-17,87.817
1015,2017-02-21,64.461,2017-02-21,88.363
1016,2017-02-22,64.601,2017-02-22,88.038
1017,2017-02-23,64.461,2017-02-23,87.071
1018,2017-02-24,64.871,2017-02-24,87.396
1019,2017-02-27,65.069,2017-02-27,87.375
1020,2017-02-28,65.131,2017-02-28,86.262
1021,2017-03-01,65.747,2017-03-01,86.943
1022,2017-03-02,65.341,2017-03-02,86.391
1023,2017-03-03,65.35,2017-03-03,86.167
1024,2017-03-06,64.881,2017-03-06,86.048
1025,2017-03-07,64.518,2017-03-07,85.65
1026,2017-03-08,64.612,2017-03-08,85.287
1027,2017-03-09,64.6,2017-03-09,84.654
1028,2017-03-10,65.206,2017-03-10,85.152
1029,2017-03-13,65.298,2017-03-13,85.351
1030,2017-03-14,64.922,2017-03-14,84.954
1031,2017-03-15,65.511,2017-03-15,85.71
1032,2017-03-16,65.661,2017-03-16,85.555
1033,2017-03-17,65.565,2017-03-17,85.248
1034,2017-03-20,65.507,2017-03-20,84.873
1035,2017-03-21,64.645,2017-03-21,84.14
1036,2017-03-22,65.01,2017-03-22,84.127
1037,2017-03-23,65.171,2017-03-23,84.182
1038,2017-03-24,65.626,2017-03-24,83.853
1039,2017-03-27,66.039,2017-03-27,83.639
1040,2017-03-28,66.253,2017-03-28,84.194
1041,2017-03-29,66.654,2017-03-29,84.184
1042,2017-03-30,66.831,2017-03-30,83.795
1043,2017-03-31,66.722,2017-03-31,83.584
1044,2017-04-03,65.836,2017-04-03,83.04
1045,2017-04-04,65.693,2017-04-04,82.884
1046,2017-04-05,65.565,2017-04-05,82.718
1047,2017-04-06,66.087,2017-04-06,82.694
1048,2017-04-07,66.212,2017-04-07,82.558
1049,2017-04-10,66.501,2017-04-10,82.78
1050,2017-04-11,66.806,2017-04-11,82.86
1051,2017-04-12,66.518,2017-04-12,82.012
1052,2017-04-13,66.267,2017-04-13,81.518
1053,2017-04-17,66.611,2017-04-17,82.203
1054,2017-04-18,66.398,2017-04-18,79.808
1055,2017-04-19,67.2785,2017-04-19,79.636
1056,2017-04-20,67.478,2017-04-20,79.987
1057,2017-04-21,67.267,2017-04-21,79.739
1058,2017-04-24,67.824,2017-04-24,79.838
1059,2017-04-25,68.561,2017-04-25,80.603
1060,2017-04-26,67.604,2017-04-26,80.557
1061,2017-04-27,68.078,2017-04-27,80.397
1062,2017-04-28,67.975,2017-04-28,80.169
1063,2017-05-01,68.488,2017-05-01,79.725
1064,2017-05-02,69.017,2017-05-02,79.154
1065,2017-05-03,68.847,2017-05-03,79.409
1066,2017-05-04,69.028,2017-05-04,79.15
1067,2017-05-05,69.462,2017-05-05,79.538
1068,2017-05-08,69.409,2017-05-08,79.488
1069,2017-05-09,69.474,2017-05-09,79.451
1070,2017-05-10,69.667,2017-05-10,79.586
1071,2017-05-11,69.106,2017-05-11,78.955
1072,2017-05-12,68.956,2017-05-12,78.309
1073,2017-05-15,69.564,2017-05-15,78.123
1074,2017-05-16,69.869,2017-05-16,77.659
1075,2017-05-17,68.891,2017-05-17,76.673
1076,2017-05-18,69.071,2017-05-18,76.448
1077,2017-05-19,69.572,2017-05-19,76.824
1078,2017-05-22,70.011,2017-05-22,77.32
1079,2017-05-23,70.098,2017-05-23,76.906
1080,2017-05-24,70.3015,2017-05-24,77.061
1081,2017-05-25,70.951,2017-05-25,77.318
1082,2017-05-26,70.906,2017-05-26,77.256
1083,2017-05-30,71.287,2017-05-30,76.859
1084,2017-05-31,71.113,2017-05-31,77.078
1085,2017-06-01,71.635,2017-06-01,77.709
1086,2017-06-02,71.898,2017-06-02,77.893
1087,2017-06-05,71.619,2017-06-05,77.998
1088,2017-06-06,71.261,2017-06-06,77.013
1089,2017-06-07,71.35,2017-06-07,76.688
1090,2017-06-08,71.536,2017-06-08,76.739
1091,2017-06-09,70.903,2017-06-09,77.85
1092,2017-06-12,70.2,2017-06-12,78.64
1093,2017-06-13,70.383,2017-06-13,78.543
1094,2017-06-14,70.213,2017-06-14,78.672
1095,2017-06-15,69.619,2017-06-15,78.511
1096,2017-06-16,69.762,2017-06-16,78.261
1097,2017-06-19,70.47,2017-06-19,78.48
1098,2017-06-20,69.817,2017-06-20,77.291
1099,2017-06-21,69.995,2017-06-21,76.623
1100,2017-06-22,70.144,2017-06-22,76.303
1101,2017-06-23,70.68,2017-06-23,76.86
1102,2017-06-26,70.486,2017-06-26,77.44
1103,2017-06-27,69.903,2017-06-27,76.821
1104,2017-06-28,70.495,2017-06-28,77.26
1105,2017-06-29,69.551,2017-06-29,77.005
1106,2017-06-30,69.562,2017-06-30,77.617
1107,2017-07-03,69.532,2017-07-03,78.2
1108,2017-07-05,69.975,2017-07-05,77.669
1109,2017-07-06,69.309,2017-07-06,76.515
1110,2017-07-07,70.456,2017-07-07,76.484
1111,2017-07-10,70.559,2017-07-10,76.043
1112,2017-07-11,70.941,2017-07-11,75.669
1113,2017-07-12,71.715,2017-07-12,75.047
1114,2017-07-13,71.837,2017-07-13,75.402
1115,2017-07-14,72.393,2017-07-14,75.772
1116,2017-07-17,72.487,2017-07-17,75.982
1117,2017-07-18,72.817,2017-07-18,75.863
1118,2017-07-19,73.583,2017-07-19,74.863
1119,2017-07-20,73.594,2017-07-20,75.166
1120,2017-07-21,73.586,2017-07-21,75.232
1121,2017-07-24,73.631,2017-07-24,75.244
1122,2017-07-25,72.677,2017-07-25,76.093
1123,2017-07-26,73.063,2017-07-26,75.117
1124,2017-07-27,72.307,2017-07-27,75.68
1125,2017-07-28,72.22,2017-07-28,74.893
1126,2017-07-31,71.979,2017-07-31,75.276
1127,2017-08-01,71.623,2017-08-01,75.495
1128,2017-08-02,70.872,2017-08-02,75.427
1129,2017-08-03,70.91,2017-08-03,75.391
1130,2017-08-04,71.209,2017-08-04,75.557
1131,2017-08-07,71.717,2017-08-07,75.316
1132,2017-08-08,71.519,2017-08-08,74.911
1133,2017-08-09,71.585,2017-08-09,74.974
1134,2017-08-10,70.168,2017-08-10,73.888
1135,2017-08-11,70.815,2017-08-11,73.91
1136,2017-08-14,71.797,2017-08-14,74.76
1137,2017-08-15,71.913,2017-08-15,74.096
1138,2017-08-16,72.517,2017-08-16,74.549
1139,2017-08-17,71.151,2017-08-17,73.979
1140,2017-08-18,71.359,2017-08-18,73.325
1141,2017-08-21,71.335,2017-08-21,73.412
1142,2017-08-22,72.551,2017-08-22,74.237
1143,2017-08-23,72.31,2017-08-23,73.717
1144,2017-08-24,72.23,2017-08-24,72.864
1145,2017-08-25,72.68,2017-08-25,73.462
1146,2017-08-28,72.985,2017-08-28,73.032
1147,2017-08-29,72.869,2017-08-29,73.055
1148,2017-08-30,73.379,2017-08-30,73.551
1149,2017-08-31,73.917,2017-08-31,73.983
1150,2017-09-01,73.438,2017-09-01,74.49
1151,2017-09-05,72.819,2017-09-05,74.136
1152,2017-09-06,73.065,2017-09-06,74.576
1153,2017-09-07,73.299,2017-09-07,74.033
1154,2017-09-08,73.017,2017-09-08,74.252
1155,2017-09-11,74.159,2017-09-11,74.69
1156,2017-09-12,74.409,2017-09-12,75.293
1157,2017-09-13,74.413,2017-09-13,75.675
1158,2017-09-14,74.578,2017-09-14,75.71
1159,2017-09-15,74.84,2017-09-15,75.986
1160,2017-09-18,75.215,2017-09-18,76.33
1161,2017-09-19,74.542,2017-09-19,76.024
1162,2017-09-20,74.378,2017-09-20,76.187
1163,2017-09-21,74.191,2017-09-21,75.724
1164,2017-09-22,74.559,2017-09-22,76.147
1165,2017-09-25,73.418,2017-09-25,77.052
1166,2017-09-26,73.545,2017-09-26,77.362
1167,2017-09-27,74.758,2017-09-27,77.167
1168,2017-09-28,75.277,2017-09-28,77.152
1169,2017-09-29,75.905,2017-09-29,77.191
1170,2017-10-02,75.981,2017-10-02,77.459
1171,2017-10-03,76.037,2017-10-03,77.383
1172,2017-10-04,76.157,2017-10-04,77.418
1173,2017-10-05,76.08,2017-10-05,77.693
1174,2017-10-06,76.282,2017-10-06,76.665
1175,2017-10-09,76.107,2017-10-09,76.021
1176,2017-10-10,76.137,2017-10-10,75.852
1177,2017-10-11,76.427,2017-10-11,76.0
1178,2017-10-12,76.502,2017-10-12,76.632
1179,2017-10-13,76.931,2017-10-13,77.034
1180,2017-10-16,77.091,2017-10-16,77.135
1181,2017-10-17,77.373,2017-10-17,79.592
1182,2017-10-18,78.044,2017-10-18,80.008
1183,2017-10-19,78.304,2017-10-19,78.59
1184,2017-10-20,79.161,2017-10-20,78.934
1185,2017-10-23,79.379,2017-10-23,79.1
1186,2017-10-24,79.339,2017-10-24,77.952
1187,2017-10-25,78.4945,2017-10-25,77.7805
1188,2017-10-26,78.882,2017-10-26,78.154
1189,2017-10-27,78.721,2017-10-27,77.411
1190,2017-10-30,78.606,2017-10-30,77.026
1191,2017-10-31,79.535,2017-10-31,76.445
1192,2017-11-01,78.507,2017-11-01,76.033
1193,2017-11-02,79.261,2017-11-02,76.448
1194,2017-11-03,79.019,2017-11-03,76.347
1195,2017-11-06,80.336,2017-11-06,76.365
1196,2017-11-07,80.521,2017-11-07,76.563
1197,2017-11-08,81.253,2017-11-08,77.076
1198,2017-11-09,80.67,2017-11-09,76.888
1199,2017-11-10,80.944,2017-11-10,77.061
1200,2017-11-13,80.545,2017-11-13,76.173
1201,2017-11-14,80.354,2017-11-14,76.118
1202,2017-11-15,80.037,2017-11-15,74.971
1203,2017-11-16,81.114,2017-11-16,75.709
1204,2017-11-17,80.861,2017-11-17,75.957
1205,2017-11-20,81.498,2017-11-20,76.191
1206,2017-11-21,82.319,2017-11-21,76.444
1207,2017-11-22,81.895,2017-11-22,76.719
1208,2017-11-24,82.587,2017-11-24,76.398
1209,2017-11-27,82.272,2017-11-27,76.719
1210,2017-11-28,82.758,2017-11-28,78.574
1211,2017-11-29,80.573,2017-11-29,80.138
1212,2017-11-30,80.843,2017-11-30,80.876
1213,2017-12-01,80.259,2017-12-01,80.541
1214,2017-12-04,78.731,2017-12-04,82.415
1215,2017-12-05,78.609,2017-12-05,81.954
1216,2017-12-06,79.339,2017-12-06,81.181
1217,2017-12-07,80.159,2017-12-07,81.007
1218,2017-12-08,80.042,2017-12-08,81.613
1219,2017-12-11,80.287,2017-12-11,81.302
1220,2017-12-12,80.089,2017-12-12,80.876
1221,2017-12-13,79.992,2017-12-13,81.246
1222,2017-12-14,79.867,2017-12-14,80.487
1223,2017-12-15,80.797,2017-12-15,81.926
1224,2017-12-18,81.338,2017-12-18,82.494
1225,2017-12-19,80.339,2017-12-19,82.384
1226,2017-12-20,80.447,2017-12-20,82.744
1227,2017-12-21,80.093,2017-12-21,83.48
1228,2017-12-22,80.516,2017-12-22,83.512
1229,2017-12-26,80.535,2017-12-26,83.854
1230,2017-12-27,80.498,2017-12-27,83.945
1231,2017-12-28,80.834,2017-12-28,83.846
1232,2017-12-29,80.406,2017-12-29,83.65
1233,2018-01-02,80.581,2018-01-02,84.142
1234,2018-01-03,81.149,2018-01-03,83.897
1235,2018-01-04,81.143,2018-01-04,83.84
1236,2018-01-05,81.919,2018-01-05,84.354
1237,2018-01-08,82.718,2018-01-08,84.722
1238,2018-01-09,82.555,2018-01-09,84.598
1239,2018-01-10,81.647,2018-01-10,84.024
1240,2018-01-11,81.8485,2018-01-11,85.469
1241,2018-01-12,82.587,2018-01-12,85.869
1242,2018-01-16,83.005,2018-01-16,85.223
1243,2018-01-17,85.191,2018-01-17,85.217
1244,2018-01-18,85.52,2018-01-18,85.35
1245,2018-01-19,86.822,2018-01-19,85.865
1246,2018-01-22,87.507,2018-01-22,86.371
1247,2018-01-23,88.519,2018-01-23,86.32
1248,2018-01-24,87.842,2018-01-24,90.868
1249,2018-01-25,86.965,2018-01-25,92.712
1250,2018-01-26,88.323,2018-01-26,93.103
1251,2018-01-29,87.111,2018-01-29,91.483
1252,2018-01-30,86.657,2018-01-30,90.243
1253,2018-01-31,87.387,2018-01-31,89.29
1254,2018-02-01,87.758,2018-02-01,88.847
1255,2018-02-02,85.463,2018-02-02,86.926
1256,2018-02-05,82.303,2018-02-05,84.319
1257,2018-02-06,83.365,2018-02-06,85.893
1258,2018-02-07,83.453,2018-02-07,85.723
